precision,recall,f1_score,accuracy,true_positives,false_positives,false_negatives,true_negatives,mean_similarity_positive,mean_similarity_negative,similarity_separation,algorithm_name,threshold,avg_processing_time,total_processing_time,pairs_per_second
0.8155706365895622,0.85325,0.8339849477079463,0.83015,17065,3859,2935,16141,0.7050654827117326,0.38333120306529556,0.3217342796464371,Jaccard (Optimal),0.5500000000000002,2.4562305212020875e-05,0.982492208480835,40712.791058006915
0.6402238883322392,0.9265,0.7572073636679403,0.702925,18530,10413,1470,9587,0.7962132338395504,0.5436983987970568,0.2525148350424936,TF-IDF (Optimal),0.5500000000000002,0.0004128909468650818,16.51563787460327,2421.947024008654
