{
  "precision": 0.8155706365895622,
  "recall": 0.85325,
  "f1_score": 0.8339849477079463,
  "accuracy": 0.83015,
  "true_positives": 17065,
  "false_positives": 3859,
  "false_negatives": 2935,
  "true_negatives": 16141,
  "mean_similarity_positive": 0.7050654827117326,
  "mean_similarity_negative": 0.38333120306529556,
  "similarity_separation": 0.3217342796464371,
  "algorithm_name": "Jaccard (Optimal)",
  "threshold": 0.5500000000000002,
  "avg_processing_time": 2.4562305212020875e-05,
  "total_processing_time": 0.982492208480835,
  "pairs_per_second": 40712.791058006915
}