{
  "soundex_thr_050": {
    "precision": 0.7216146997845441,
    "recall": 0.88755,
    "f1_score": 0.7960268167447702,
    "accuracy": 0.772575,
    "true_positives": 17751,
    "false_positives": 6848,
    "false_negatives": 2249,
    "true_negatives": 13152,
    "mean_similarity_positive": 0.7889006367243867,
    "mean_similarity_negative": 0.406941336996337,
    "similarity_separation": 0.3819592997280497,
    "algorithm_name": "Soundex",
    "threshold": 0.5,
    "avg_processing_time": 2.0729702711105346e-05,
    "total_processing_time": 0.8291881084442139,
    "pairs_per_second": 48239.95857230883
  },
  "metaphone_thr_050": {
    "precision": 0.7205767250257467,
    "recall": 0.8746,
    "f1_score": 0.7901524562394128,
    "accuracy": 0.767725,
    "true_positives": 17492,
    "false_positives": 6783,
    "false_negatives": 2508,
    "true_negatives": 13217,
    "mean_similarity_positive": 0.774462481962482,
    "mean_similarity_negative": 0.40382236874236876,
    "similarity_separation": 0.37064011322011325,
    "algorithm_name": "Metaphone",
    "threshold": 0.5,
    "avg_processing_time": 2.0428466796875e-05,
    "total_processing_time": 0.817138671875,
    "pairs_per_second": 48951.29967134748
  },
  "nysiis_thr_050": {
    "precision": 0.7154138637028371,
    "recall": 0.8561,
    "f1_score": 0.779459631711925,
    "accuracy": 0.757775,
    "true_positives": 17122,
    "false_positives": 6811,
    "false_negatives": 2878,
    "true_negatives": 13189,
    "mean_similarity_positive": 0.756781636002886,
    "mean_similarity_negative": 0.4060721661671661,
    "similarity_separation": 0.3507094698357198,
    "algorithm_name": "NYSIIS",
    "threshold": 0.5,
    "avg_processing_time": 2.075920104980469e-05,
    "total_processing_time": 0.8303680419921875,
    "pairs_per_second": 48171.410720520405
  },
  "double_metaphone_thr_050": {
    "precision": 0,
    "recall": 0.0,
    "f1_score": 0,
    "accuracy": 0.5,
    "true_positives": 0,
    "false_positives": 0,
    "false_negatives": 20000,
    "true_negatives": 20000,
    "mean_similarity_positive": 0.0,
    "mean_similarity_negative": 0.0,
    "similarity_separation": 0.0,
    "algorithm_name": "Double Metaphone",
    "threshold": 0.5,
    "avg_processing_time": 1.9947713613510132e-05,
    "total_processing_time": 0.7979085445404053,
    "pairs_per_second": 50131.05859524285
  }
}