{
  "dataset_info": {
    "total_pairs": 40000,
    "training_pairs": 32000,
    "test_pairs": 8000,
    "total_features": 76,
    "feature_categories": {
      "Phase2": 5,
      "Component": 13,
      "NER": 37,
      "Statistical": 10,
      "Interaction": 11,
      "Original": 0
    }
  },
  "baseline_results": {
    "LogisticRegression": {
      "accuracy": 0.989875,
      "precision": 0.9873165879134543,
      "recall": 0.9925,
      "f1": 0.9899015085400823,
      "roc_auc": 0.9992515,
      "cv_f1_mean": 0.9895235424913864,
      "cv_f1_std": 0.001084063139182022,
      "training_time": 10.758768558502197
    },
    "RandomForest": {
      "accuracy": 0.996,
      "precision": 0.996248124062031,
      "recall": 0.99575,
      "f1": 0.9959989997499374,
      "roc_auc": 0.99989925,
      "cv_f1_mean": 0.9934668574070855,
      "cv_f1_std": 0.0005717171013913393,
      "training_time": 16.682939767837524
    },
    "SVM": {
      "accuracy": 0.97675,
      "precision": 0.9793866264454499,
      "recall": 0.974,
      "f1": 0.9766858861870142,
      "roc_auc": 0.9978875937499999,
      "cv_f1_mean": 0.9715571321751029,
      "cv_f1_std": 0.0026285597425131555,
      "training_time": 647.7212750911713
    },
    "XGBoost": {
      "accuracy": 0.99775,
      "precision": 0.9984977466199298,
      "recall": 0.997,
      "f1": 0.9977483112334251,
      "roc_auc": 0.99996775,
      "cv_f1_mean": 0.9960654646465656,
      "cv_f1_std": 0.0004958523000740038,
      "training_time": 2.489328145980835
    }
  },
  "tuned_results": {
    "RandomForest": {
      "best_params": {
        "n_estimators": 300,
        "min_samples_split": 2,
        "min_samples_leaf": 1,
        "max_features": "log2",
        "max_depth": null
      },
      "best_cv_score": 0.9930279847037967,
      "accuracy": 0.995625,
      "precision": 0.996742671009772,
      "recall": 0.9945,
      "f1": 0.9956200725816544,
      "roc_auc": 0.99990528125,
      "tuning_time": 102.88458108901978
    },
    "LogisticRegression": {
      "best_params": {
        "solver": "liblinear",
        "penalty": "l1",
        "C": 10
      },
      "best_cv_score": 0.9907430390599633,
      "accuracy": 0.991,
      "precision": 0.9880715705765407,
      "recall": 0.994,
      "f1": 0.9910269192422732,
      "roc_auc": 0.9990109999999999,
      "tuning_time": 122.88055729866028
    },
    "XGBoost": {
      "best_params": {
        "subsample": 0.8,
        "n_estimators": 200,
        "max_depth": 3,
        "learning_rate": 0.2
      },
      "best_cv_score": 0.9957537208342352,
      "accuracy": 0.997375,
      "precision": 0.9972506873281679,
      "recall": 0.9975,
      "f1": 0.9973753280839895,
      "roc_auc": 0.999957625,
      "tuning_time": 10.788459300994873
    }
  },
  "category_performance": {
    "Phase2": {
      "accuracy": 0.936125,
      "f1": 0.9360530596921537,
      "roc_auc": 0.9835209375000001,
      "feature_count": 5
    },
    "Component": {
      "accuracy": 0.985,
      "f1": 0.985,
      "roc_auc": 0.99608021875,
      "feature_count": 13
    },
    "NER": {
      "accuracy": 0.871375,
      "f1": 0.8779793667733903,
      "roc_auc": 0.9058543125,
      "feature_count": 37
    },
    "Statistical": {
      "accuracy": 0.926125,
      "f1": 0.9265747297800969,
      "roc_auc": 0.9782099375000002,
      "feature_count": 10
    },
    "Interaction": {
      "accuracy": 0.969375,
      "f1": 0.9692404268675455,
      "roc_auc": 0.9933935,
      "feature_count": 11
    }
  },
  "best_overall_model": {
    "model_name": "XGBoost",
    "f1": 0.9973753280839895,
    "roc_auc": 0.999957625,
    "accuracy": 0.997375,
    "precision": 0.9972506873281679,
    "recall": 0.9975,
    "best_params": {
      "subsample": 0.8,
      "n_estimators": 200,
      "max_depth": 3,
      "learning_rate": 0.2
    }
  },
  "feature_importance_summary": {
    "phase2_jaccard_score": {
      "mean_importance": 7.7143244532065625,
      "std_importance": 10.859972600465962,
      "models_count": 3
    },
    "phase2_levenshtein_score": {
      "mean_importance": 4.94912351794464,
      "std_importance": 6.99203133619119,
      "models_count": 3
    },
    "comp_normalized_similarity": {
      "mean_importance": 4.369118799059196,
      "std_importance": 6.168759828983843,
      "models_count": 3
    },
    "interact_score_variance": {
      "mean_importance": 4.247860219303555,
      "std_importance": 5.956443408047074,
      "models_count": 3
    },
    "stat_length_ratio": {
      "mean_importance": 3.7782695495900054,
      "std_importance": 5.334097836537242,
      "models_count": 3
    },
    "comp_postcode_exact_match": {
      "mean_importance": 3.4707471282744833,
      "std_importance": 4.896713079593477,
      "models_count": 3
    },
    "comp_normalized_exact_match": {
      "mean_importance": 3.23110004462228,
      "std_importance": 4.569411979584431,
      "models_count": 3
    },
    "comp_house_number_exact_match": {
      "mean_importance": 2.9828292560921152,
      "std_importance": 4.131455404474376,
      "models_count": 3
    },
    "interact_phase2_ner": {
      "mean_importance": 2.6087370895264987,
      "std_importance": 3.6714346422432023,
      "models_count": 3
    },
    "comp_road_similarity": {
      "mean_importance": 2.1657843808337507,
      "std_importance": 3.0561324626132014,
      "models_count": 3
    },
    "phase2_jaro_winkler_score": {
      "mean_importance": 2.038867031450221,
      "std_importance": 2.866981189901448,
      "models_count": 3
    },
    "comp_postcode_similarity": {
      "mean_importance": 1.7990420212941742,
      "std_importance": 2.507623362224192,
      "models_count": 3
    },
    "phase2_weighted_combo": {
      "mean_importance": 1.6774114195616932,
      "std_importance": 2.357695098026913,
      "models_count": 3
    },
    "comp_house_number_similarity": {
      "mean_importance": 1.528433083184862,
      "std_importance": 1.6127490028872422,
      "models_count": 3
    },
    "stat_digits_match": {
      "mean_importance": 1.4778657815483802,
      "std_importance": 2.080570630919096,
      "models_count": 3
    },
    "ner_city_loc_similarity": {
      "mean_importance": 1.160782765880737,
      "std_importance": 1.6398669317409245,
      "models_count": 3
    },
    "stat_word_diff": {
      "mean_importance": 1.1116090187563108,
      "std_importance": 1.5592827474403503,
      "models_count": 3
    },
    "ner_city_org_similarity": {
      "mean_importance": 1.079658781673565,
      "std_importance": 1.5162077964131635,
      "models_count": 3
    },
    "interact_comp_ner": {
      "mean_importance": 0.9406631802835811,
      "std_importance": 1.3109672992969748,
      "models_count": 3
    },
    "comp_avg_similarity": {
      "mean_importance": 0.9291508728431329,
      "std_importance": 1.2806538525214697,
      "models_count": 3
    }
  }
}