precision,recall,f1_score,accuracy,true_positives,false_positives,false_negatives,true_negatives,mean_similarity_positive,mean_similarity_negative,similarity_separation,algorithm_name,threshold,avg_processing_time,total_processing_time,pairs_per_second
0.6812686964717453,0.83125,0.7488232777064614,0.721175,16625,7778,3375,12222,0.7547384743366056,0.627019497100801,0.1277189772358046,Levenshtein (Optimal),0.6500000000000001,0.0006121990919113159,24.487963676452637,1633.4555428332153
0.6719144881302564,0.8109,0.7348936266624374,0.707475,16218,7919,3782,12081,0.907207993811153,0.8045293423668685,0.10267865144428456,Jaro-Winkler (Optimal),0.8500000000000002,7.777562737464905e-05,3.111025094985962,12857.498341774222
