{
  "precision": 0.7154138637028371,
  "recall": 0.8561,
  "f1_score": 0.779459631711925,
  "accuracy": 0.757775,
  "true_positives": 17122,
  "false_positives": 6811,
  "false_negatives": 2878,
  "true_negatives": 13189,
  "mean_similarity_positive": 0.756781636002886,
  "mean_similarity_negative": 0.4060721661671661,
  "similarity_separation": 0.3507094698357198,
  "algorithm_name": "NYSIIS (Optimal)",
  "threshold": 0.45000000000000007,
  "avg_processing_time": 6.037593483924866e-05,
  "total_processing_time": 2.4150373935699463,
  "pairs_per_second": 16562.89054012177
}