{
  "dataset_size": 50000,
  "query_count": 200,
  "quadtree": {
    "total_query_time_s": 0.027887700009159744,
    "avg_query_time_ms": 0.13943850004579872,
    "total_matches": 14427,
    "build_time_s": 0.6665539999958128,
    "approx_mem_bytes": 4320232,
    "points_indexed": 50000
  },
  "postgis": {
    "total_query_time_s": 243.64929580001626,
    "avg_query_time_ms": 1218.2464790000813,
    "total_matches": 53924
  },
  "notes": "Quadtree is in-memory with degree units; PostGIS uses geography meters. Queries use same centers and radii (converted)."
}